dummy@dummy.com,"[-0.088489, 0.707081, -0.048903, -0.100703, -0.251745, -0.685878, -0.14673]"
dummy@dummy.com,"[-0.066859, -0.803318, -0.6729, -0.503272, -0.251745, 0.988198, -0.14673]"
dummy@dummy.com,"[-0.070956, 0.522281, 0.381403, 0.307519, 0.570684, 3.7276, 0.507664]"
dummy@dummy.com,"[-0.088489, -0.254082, 0.667051, 0.787987, -0.251745, -0.685878, -0.14673]"
dummy@dummy.com,"[0.004462, -0.803318, -0.6729, -0.503272, -0.251745, 0.988198, -0.145464]"
dummy@dummy.com,"[-0.054248, -0.803318, -0.6729, -0.503272, -0.251745, 0.988198, -0.145256]"
dummy@dummy.com,"[-0.088489, -0.018695, -0.151808, -0.072852, -0.251745, -0.685878, -0.14673]"
dummy@dummy.com,"[-0.088489, -0.803318, -0.6729, -0.503272, -0.251745, 0.988198, -0.14673]"
dummy@dummy.com,"[-0.088489, -0.803318, -0.449575, -0.24502, -0.251745, -0.685878, -0.14673]"
dummy@dummy.com,"[-0.088489, -0.803318, 0.220401, 0.529735, -0.251745, -0.685878, -0.14673]"
dummy@dummy.com,"[-0.052049, -0.057926, 0.890376, 1.04624, -0.251745, 0.988198, -0.14673]"
dummy@dummy.com,"[-0.088489, -0.803318, -0.449575, -0.24502, -0.251745, -0.685878, -0.14673]"
dummy@dummy.com,"[0.501884, 0.562299, 0.591121, 0.519405, 0.964675, 3.02898, 1.66401]"
dummy@dummy.com,"[-0.088489, -0.803318, -0.6729, -0.503272, -0.251745, 0.988198, -0.14673]"
dummy@dummy.com,"[-0.043913, -0.803318, -0.6729, -0.503272, -0.249814, 0.988198, -0.146108]"
dummy@dummy.com,"[-0.088489, -0.018695, -0.449575, -0.503272, -0.251745, -0.685878, -0.14673]"
dummy@dummy.com,"[-0.088489, -0.803318, -0.449575, -0.24502, -0.251745, -0.685878, -0.14673]"
dummy@dummy.com,"[-0.088489, -0.803318, -0.6729, -0.503272, -0.251745, 0.988198, -0.14673]"
dummy@dummy.com,"[-0.088489, 2.80595, 2.007, 1.04624, -0.251745, -0.685878, -0.14673]"
dummy@dummy.com,"[-0.088489, 1.82517, 0.518168, 0.271484, -0.251745, -0.685878, -0.14673]"
dummy@dummy.com,"[-0.088489, 3.04133, 1.1137, 0.658861, -0.251745, -0.685878, -0.14673]"
dummy@dummy.com,"[-0.088489, -0.803318, 0.220401, 0.529735, -0.251745, -0.685878, -0.14673]"
dummy@dummy.com,"[-0.088489, -0.214851, -0.114587, 0.013232, -0.251745, -0.685878, -0.14673]"
dummy@dummy.com,"[-0.026117, -0.803318, -0.6729, -0.503272, -0.251745, 0.988198, -0.144775]"
dummy@dummy.com,"[-0.088489, 0.157845, 0.369284, 0.443651, -0.251745, -0.685878, -0.14673]"
dummy@dummy.com,"[0.612689, -0.018695, -0.449575, -0.503272, 0.715117, 2.83849, 0.564465]"
dummy@dummy.com,"[-0.088489, -0.803318, -0.449575, -0.24502, -0.251745, -0.685878, -0.14673]"
dummy@dummy.com,"[-0.04063, 2.13902, 1.33703, 0.271484, -0.251745, 0.988198, -0.146526]"
dummy@dummy.com,"[-0.088489, -0.018695, -0.449575, -0.374146, -0.251745, -0.685878, -0.14673]"
dummy@dummy.com,"[-0.088489, 0.765927, -0.22625, -0.503272, -0.251745, -0.685878, -0.14673]"
dummy@dummy.com,"[-0.075628, -0.803318, -0.6729, -0.503272, -0.251745, 0.988198, -0.14673]"
dummy@dummy.com,"[-0.088489, 1.62901, 3.7936, 3.45659, -0.251745, -0.685878, -0.14673]"
dummy@dummy.com,"[-0.019507, -0.803318, -0.6729, -0.503272, -0.251745, 0.988198, -0.14673]"
dummy@dummy.com,"[-0.088489, 0.072844, 0.304148, 0.336047, -0.251745, -0.685878, -0.14673]"
dummy@dummy.com,"[-0.088489, -0.057926, -0.002925, 0.142358, -0.251745, -0.685878, -0.14673]"
dummy@dummy.com,"[-0.080889, -0.803318, -0.6729, -0.503272, -0.251745, 0.988198, -0.14673]"
dummy@dummy.com,"[-0.073289, -0.803318, -0.6729, -0.503272, -0.251745, 0.988198, -0.136649]"
dummy@dummy.com,"[-0.088489, 0.609003, -0.300692, -0.503272, -0.251745, -0.685878, -0.14673]"
dummy@dummy.com,"[-0.088489, -0.803318, -0.22625, 0.013232, -0.251745, -0.685878, -0.14673]"
dummy@dummy.com,"[-0.088489, 0.648234, -0.114587, -0.374146, -0.251745, -0.685878, -0.14673]"
dummy@dummy.com,"[-0.083812, -0.803318, -0.6729, -0.503272, -0.251745, 0.988198, -0.14668]"
dummy@dummy.com,"[-0.088489, -0.17562, 0.667051, 0.917113, -0.251745, -0.685878, -0.14673]"
dummy@dummy.com,"[0.081394, 2.23709, 0.667051, 0.013232, -0.251745, 0.988198, -0.14673]"
dummy@dummy.com,"[-0.088489, 3.08056, 0.667051, -0.24502, -0.251745, -0.685878, -0.14673]"
dummy@dummy.com,"[0.017249, -0.803318, -0.6729, -0.503272, -0.245992, 1.19746, -0.143838]"
dummy@dummy.com,"[-0.036752, -0.803318, -0.6729, -0.503272, -0.251745, 0.988198, -0.146635]"
dummy@dummy.com,"[-0.014596, -0.803318, -0.6729, -0.503272, 0.503294, 1.82524, 0.553407]"
dummy@dummy.com,"[-0.050929, -0.057926, -0.300692, -0.24502, 3.4211, 0.988198, -0.14673]"
dummy@dummy.com,"[-0.077771, -0.803318, -0.6729, -0.503272, -0.251745, 0.988198, -0.146688]"
dummy@dummy.com,"[-0.088489, -0.803318, -0.449575, -0.24502, -0.251745, -0.685878, -0.14673]"
dummy@dummy.com,"[-0.088489, 2.02132, 1.03926, 0.787987, -0.251745, -0.685878, -0.14673]"
dummy@dummy.com,"[-0.088489, -0.803318, -0.449575, -0.24502, -0.251745, -0.685878, -0.14673]"
dummy@dummy.com,"[-0.088489, -0.803318, -0.337913, -0.115894, -0.251745, -0.685878, -0.14673]"
dummy@dummy.com,"[-0.088489, -0.097157, -0.002925, -0.115894, -0.251745, -0.685878, -0.14673]"
dummy@dummy.com,"[-0.088489, -0.156004, -0.114587, 0.013232, -0.251745, -0.685878, -0.14673]"
dummy@dummy.com,"[-0.055634, -0.803318, -0.6729, -0.503272, -0.251745, 0.988198, -0.146467]"
dummy@dummy.com,"[-0.088489, -0.136389, -0.22625, -0.115894, -0.251745, -0.685878, -0.14673]"
dummy@dummy.com,"[-0.063936, -0.803318, -0.6729, -0.503272, -0.251745, 0.988198, -0.14673]"
dummy@dummy.com,"[-0.088489, 0.239109, 0.488391, 0.50391, -0.251745, -0.685878, -0.14673]"
dummy@dummy.com,"[-0.088489, 0.404129, 0.04174, -0.064244, -0.251745, -0.685878, -0.14673]"
dummy@dummy.com,"[-0.052634, -0.803318, -0.6729, -0.503272, -0.251745, 0.988198, -0.146654]"
dummy@dummy.com,"[-0.088489, 0.746312, -0.114587, -0.374146, -0.251745, -0.685878, -0.14673]"
dummy@dummy.com,"[-0.088489, 2.1194, 0.741493, 0.271484, -0.251745, -0.685878, -0.14673]"
dummy@dummy.com,"[-0.088489, -0.116773, 0.071517, 0.099316, -0.251745, -0.685878, -0.14673]"
dummy@dummy.com,"[1.11468, -0.803318, -0.6729, -0.503272, -0.251745, 0.988198, -0.095709]"
dummy@dummy.com,"[-0.088489, -0.293313, -0.22625, -0.24502, -0.251745, -0.685878, -0.14673]"
dummy@dummy.com,"[-0.088489, 1.5584, 0.332063, 0.142358, -0.251745, -0.685878, -0.14673]"
dummy@dummy.com,"[-0.088489, -0.803318, 0.667051, 1.04624, -0.251745, -0.685878, -0.14673]"
dummy@dummy.com,"[-0.088489, -0.803318, -0.449575, -0.24502, -0.251745, -0.685878, -0.14673]"
dummy@dummy.com,"[-0.088489, 2.21748, 0.667051, 0.013232, -0.251745, -0.685878, -0.14673]"
dummy@dummy.com,"[-0.088489, 0.638426, 1.1137, 0.994588, -0.251745, -0.685878, -0.14673]"
dummy@dummy.com,"[-0.088489, -0.057926, 0.276232, 0.400609, -0.251745, -0.685878, -0.14673]"
dummy@dummy.com,"[-0.088489, -0.803318, -0.449575, -0.24502, -0.251745, -0.685878, -0.14673]"
dummy@dummy.com,"[-0.088489, 2.15209, 0.801046, 0.478085, -0.251745, -0.685878, -0.14673]"
dummy@dummy.com,"[-0.088489, 0.412847, 0.354396, 0.374784, -0.251745, -0.685878, -0.14673]"
dummy@dummy.com,"[-0.088489, 0.48596, 0.288369, 0.181657, -0.251745, -0.685878, -0.14673]"
dummy@dummy.com,"[0.043483, -0.803318, -0.6729, -0.503272, -0.251745, 0.988198, -0.14673]"
dummy@dummy.com,"[-0.088489, 0.726696, -0.002925, -0.24502, -0.251745, -0.685878, -0.14673]"
dummy@dummy.com,"[-0.048736, -0.803318, -0.6729, -0.503272, -0.251745, 0.988198, -0.14673]"
dummy@dummy.com,"[-0.088489, 0.726696, -0.002925, -0.24502, -0.251745, -0.685878, -0.14673]"
dummy@dummy.com,"[-0.088489, -0.803318, -0.22625, 0.013232, -0.251745, -0.685878, -0.14673]"
dummy@dummy.com,"[-0.075744, -0.803318, -0.6729, -0.503272, -0.251745, 0.988198, -0.14673]"
dummy@dummy.com,"[-0.062516, -0.803318, -0.6729, -0.503272, -0.251745, 0.988198, -0.146329]"
dummy@dummy.com,"[-0.088489, -0.097157, 0.667051, 0.374784, -0.251745, -0.685878, -0.14673]"
dummy@dummy.com,"[-0.088489, 1.09547, 0.399061, 0.064882, -0.251745, 0.988198, -0.14673]"
dummy@dummy.com,"[-0.088489, -0.803318, 0.443726, 0.787987, -0.251745, -0.685878, -0.14673]"
dummy@dummy.com,"[-0.088489, 1.07978, 2.31966, 2.0276, -0.251745, -0.685878, -0.14673]"
dummy@dummy.com,"[-0.088489, 2.76671, 1.78368, 1.04624, -0.251745, -0.685878, -0.14673]"
dummy@dummy.com,"[-0.06491, -0.803318, -0.6729, -0.503272, -0.251745, 0.988198, -0.146553]"
dummy@dummy.com,"[-0.088489, -0.057926, -0.22625, -0.24502, -0.251745, -0.685878, -0.14673]"
dummy@dummy.com,"[-0.053218, -0.803318, -0.6729, -0.503272, -0.251745, 0.988198, -0.146262]"
dummy@dummy.com,"[-0.005038, -0.803318, -0.6729, -0.503272, -0.184108, 1.29258, 18.07906]"
dummy@dummy.com,"[-0.088489, -0.018695, -0.22625, -0.503272, -0.251745, -0.685878, -0.14673]"
dummy@dummy.com,"[-0.088489, 0.765927, -0.22625, -0.503272, -0.251745, -0.685878, -0.14673]"
dummy@dummy.com,"[-0.088489, -0.319467, -0.449575, -0.503272, -0.251745, -0.685878, -0.14673]"
dummy@dummy.com,"[-0.048736, -0.803318, -0.6729, -0.503272, -0.251745, 0.988198, -0.146642]"
dummy@dummy.com,"[-0.088489, -0.803318, -0.22625, 0.013232, -0.251745, -0.685878, -0.14673]"
dummy@dummy.com,"[-0.088489, -0.803318, -0.6729, -0.503272, 0.924205, 0.988198, -0.14673]"
dummy@dummy.com,"[-0.088489, -0.803318, -0.337913, -0.115894, -0.251745, -0.685878, -0.14673]"
dummy@dummy.com,"[-0.088489, -0.803318, -0.22625, 0.013232, -0.251745, -0.685878, -0.14673]"
dummy@dummy.com,"[-0.088489, -0.018695, -0.22625, -0.503272, -0.251745, -0.685878, -0.14673]"
dummy@dummy.com,"[-0.088489, -0.018695, -0.360245, -0.193369, -0.251745, -0.685878, -0.14673]"
dummy@dummy.com,"[-0.088489, -0.057926, -0.22625, -0.24502, -0.251745, -0.685878, -0.14673]"
dummy@dummy.com,"[-0.088489, 0.233505, -0.258154, -0.392592, -0.251745, 0.988198, -0.14673]"
dummy@dummy.com,"[-0.088489, -0.018695, 0.108738, 0.271484, -0.251745, -0.685878, -0.14673]"
dummy@dummy.com,"[-0.029152, 3.11979, 0.555388, 0.271484, 0.929298, 0.988198, -0.146578]"
dummy@dummy.com,"[-0.088489, -0.332544, 0.108738, 0.013232, -0.251745, -0.685878, -0.14673]"
dummy@dummy.com,"[-0.088489, -0.018695, -0.449575, -0.503272, -0.251745, -0.685878, -0.14673]"
dummy@dummy.com,"[-0.088489, 0.765927, 0.667051, 0.529735, -0.251745, -0.685878, -0.14673]"
dummy@dummy.com,"[0.557485, -0.803318, -0.6729, -0.503272, -0.239319, 3.08079, -0.12528]"
dummy@dummy.com,"[-0.088489, -0.214851, 0.220401, 0.271484, -0.251745, -0.685878, -0.14673]"
dummy@dummy.com,"[0.061406, -0.018695, -0.300692, -0.24502, 5.68127, 1.44476, -0.104469]"
dummy@dummy.com,"[-0.082058, -0.803318, -0.6729, -0.503272, -0.251745, 0.988198, -0.14673]"
dummy@dummy.com,"[-0.088489, -0.038311, -0.300692, -0.331104, -0.251745, -0.685878, -0.14673]"
dummy@dummy.com,"[-0.088489, -0.803318, -0.449575, -0.24502, -0.251745, -0.685878, -0.14673]"
dummy@dummy.com,"[-0.060428, -0.803318, -0.6729, -0.503272, -0.251745, 0.988198, -0.14673]"
dummy@dummy.com,"[-0.088489, -0.803318, -0.449575, -0.24502, -0.251745, -0.685878, -0.14673]"
dummy@dummy.com,"[0.065844, -0.803318, -0.6729, -0.503272, 0.114816, 2.66227, 0.546515]"
dummy@dummy.com,"[0.532278, 0.92939, 0.617423, 0.55843, 0.18804, 2.50284, 0.459675]"
dummy@dummy.com,"[-0.088489, -0.803318, -0.449575, -0.24502, -0.251745, -0.685878, -0.14673]"
dummy@dummy.com,"[-0.088489, 3.08056, 0.667051, -0.24502, -0.251745, -0.685878, -0.14673]"
dummy@dummy.com,"[-0.088489, -0.214851, -0.449575, -0.503272, -0.251745, -0.685878, -0.14673]"
dummy@dummy.com,"[-0.088489, 0.726696, 0.443726, 0.271484, -0.251745, -0.685878, -0.14673]"
dummy@dummy.com,"[-0.088489, -0.803318, -0.6729, -0.503272, -0.251745, 0.988198, -0.14673]"
dummy@dummy.com,"[-0.077047, -0.803318, -0.6729, -0.503272, 2.14146, 1.10777, 0.168341]"
dummy@dummy.com,"[-0.088489, -0.136389, -0.002925, 0.013232, -0.251745, -0.685878, -0.14673]"
dummy@dummy.com,"[-0.088489, -0.057926, -0.002925, 0.013232, -0.251745, -0.685878, -0.14673]"
dummy@dummy.com,"[-0.088489, -0.803318, 3.12363, 3.88701, -0.251745, -0.685878, -0.14673]"
dummy@dummy.com,"[-0.070074, -0.803318, -0.6729, -0.503272, -0.251745, 0.988198, -0.146426]"
dummy@dummy.com,"[-0.085566, 0.345084, -0.029198, -0.017151, -0.251745, 0.988198, -0.14673]"
dummy@dummy.com,"[-0.088489, -0.018695, 0.332063, 0.529735, -0.251745, -0.685878, -0.14673]"
dummy@dummy.com,"[-0.088489, -0.803318, -0.22625, 0.013232, -0.251745, -0.685878, -0.14673]"
dummy@dummy.com,"[0.246775, -0.803318, -0.6729, -0.503272, -0.251745, 0.988198, -0.140151]"
dummy@dummy.com,"[-0.088489, 1.80555, 2.78864, 2.66031, -0.251745, -0.685878, -0.14673]"
dummy@dummy.com,"[-0.088489, -0.116773, -0.002925, 0.013232, -0.251745, -0.685878, -0.14673]"
dummy@dummy.com,"[0.019296, -0.803318, -0.449575, -0.24502, -0.198356, 1.40672, -0.117472]"
dummy@dummy.com,"[-0.088489, -0.803318, -0.449575, -0.24502, -0.251745, -0.685878, -0.14673]"
dummy@dummy.com,"[-0.063449, -0.803318, -0.6729, -0.503272, 1.43212, 1.70566, 2.19505]"
dummy@dummy.com,"[-0.088489, -0.803318, -0.22625, 0.013232, -0.251745, -0.685878, -0.14673]"
dummy@dummy.com,"[-0.088489, -0.803318, -0.449575, -0.24502, -0.251745, -0.685878, -0.14673]"
dummy@dummy.com,"[-0.088489, -0.803318, -0.22625, 0.013232, -0.251745, -0.685878, -0.14673]"
dummy@dummy.com,"[-0.088489, -0.803318, 0.443726, 0.787987, -0.251745, -0.685878, -0.14673]"
dummy@dummy.com,"[-0.088489, -0.803318, -0.449575, -0.24502, -0.251745, -0.685878, -0.14673]"
dummy@dummy.com,"[-0.088489, -0.803318, -0.6729, -0.503272, -0.251745, 0.988198, -0.14673]"
dummy@dummy.com,"[-0.088489, -0.803318, -0.449575, -0.24502, -0.251745, -0.685878, -0.14673]"
dummy@dummy.com,"[-0.059697, -0.803318, -0.6729, -0.503272, 4.67048, 1.40672, 2.12201]"
dummy@dummy.com,"[0.062726, -0.214851, 1.33703, 1.69187, 3.10856, 1.34693, 0.242993]"
dummy@dummy.com,"[-0.088489, 0.17746, -0.002925, 0.013232, -0.251745, -0.685878, -0.14673]"
dummy@dummy.com,"[-0.088489, 0.210153, 0.153403, 0.219833, -0.251745, -0.685878, -0.14673]"
dummy@dummy.com,"[-0.088489, -0.018695, -0.449575, -0.503272, -0.251745, -0.685878, -0.14673]"
dummy@dummy.com,"[-0.088489, 0.726696, 2.007, 2.07925, -0.251745, -0.685878, -0.14673]"
dummy@dummy.com,"[-0.088489, -0.057926, 1.4221, 1.56274, -0.251745, -0.685878, -0.14673]"
dummy@dummy.com,"[-0.088489, -0.018695, -0.22625, -0.503272, -0.251745, -0.685878, -0.14673]"
dummy@dummy.com,"[-0.088489, -0.803318, -0.449575, -0.24502, -0.251745, -0.685878, -0.14673]"
dummy@dummy.com,"[-0.088489, 1.55055, -0.002925, -0.503272, -0.251745, -0.685878, -0.14673]"
dummy@dummy.com,"[-0.088489, 0.765927, 0.220401, 0.013232, -0.251745, -0.685878, -0.14673]"
dummy@dummy.com,"[-0.088489, 0.491309, 1.03926, 1.30449, -0.251745, -0.685878, -0.14673]"
dummy@dummy.com,"[-0.088489, -0.136389, 0.890376, 0.529735, -0.251745, -0.685878, -0.14673]"
dummy@dummy.com,"[0.010746, 0.354001, 0.399061, 0.467755, -0.251745, 0.988198, -0.14472]"
dummy@dummy.com,"[-0.088489, -0.136389, -0.002925, 0.013232, -0.251745, -0.685878, -0.14673]"
dummy@dummy.com,"[-0.088489, -0.214851, 0.722882, 0.981676, -0.251745, -0.685878, -0.14673]"
dummy@dummy.com,"[-0.076797, -0.803318, -0.6729, -0.503272, -0.251745, 0.988198, -0.14673]"
dummy@dummy.com,"[-0.088489, 1.13208, 0.964818, 0.701903, -0.251745, -0.685878, -0.14673]"
dummy@dummy.com,"[-0.045454, -0.803318, -0.6729, -0.503272, 0.144809, 1.37452, 0.023023]"
dummy@dummy.com,"[-0.031747, 2.13902, 0.890376, 0.271484, -0.251745, 0.988198, -0.141549]"
dummy@dummy.com,"[-0.088489, 1.55055, -0.002925, -0.503272, -0.251745, -0.685878, -0.14673]"
dummy@dummy.com,"[-0.062182, -0.803318, -0.6729, -0.503272, -0.251745, 0.988198, -0.14673]"
dummy@dummy.com,"[0.647512, -0.803318, -0.6729, -0.503272, -0.251745, 0.988198, -0.130786]"
dummy@dummy.com,"[-0.088489, -0.018695, -0.449575, -0.503272, -0.251745, -0.685878, -0.14673]"
dummy@dummy.com,"[0.165918, -0.803318, -0.6729, -0.503272, -0.251745, -0.685878, -0.14673]"
dummy@dummy.com,"[-0.088489, -0.018695, -0.449575, -0.503272, -0.251745, -0.685878, -0.14673]"
dummy@dummy.com,"[-0.088489, 2.68825, 2.23033, 1.56274, -0.251745, -0.685878, -0.14673]"
dummy@dummy.com,"[-0.088489, 1.37401, 2.34199, 2.07925, -0.251745, -0.685878, -0.14673]"
dummy@dummy.com,"[-0.088489, -0.803318, -0.22625, 0.013232, -0.251745, -0.685878, -0.14673]"
dummy@dummy.com,"[-0.088489, 0.416259, -0.038657, -0.183039, -0.251745, -0.685878, -0.14673]"
dummy@dummy.com,"[-0.088489, -0.018695, -0.449575, -0.503272, -0.251745, -0.685878, -0.14673]"
dummy@dummy.com,"[0.003112, -0.803318, -0.6729, -0.503272, 1.40884, 1.24575, 0.325136]"
dummy@dummy.com,"[-0.088489, -0.057926, -0.22625, -0.24502, -0.251745, -0.685878, -0.14673]"
dummy@dummy.com,"[-0.086345, -0.803318, -0.6729, -0.503272, -0.251745, 0.988198, -0.14673]"
dummy@dummy.com,"[-0.088489, 0.067613, 0.04174, 0.064882, -0.251745, -0.685878, -0.14673]"
dummy@dummy.com,"[-0.088489, -0.018695, -0.449575, -0.503272, -0.251745, -0.685878, -0.14673]"
dummy@dummy.com,"[-0.088489, -0.057926, -0.002925, -0.24502, -0.251745, -0.685878, -0.14673]"
dummy@dummy.com,"[-0.088489, -0.411006, 0.220401, 0.271484, -0.251745, -0.685878, -0.14673]"
dummy@dummy.com,"[-0.088489, -0.018695, 1.33703, 1.71769, -0.251745, -0.685878, -0.14673]"
dummy@dummy.com,"[-0.088489, -0.803318, -0.449575, -0.24502, -0.251745, -0.685878, -0.14673]"
dummy@dummy.com,"[-0.088489, -0.17562, 0.164569, 0.077795, -0.251745, -0.685878, -0.14673]"
dummy@dummy.com,"[-0.088489, -0.293313, 0.890376, 0.787987, -0.251745, -0.685878, -0.14673]"
dummy@dummy.com,"[-0.072558, -0.803318, -0.6729, -0.503272, -0.251745, 0.988198, -0.146091]"
dummy@dummy.com,"[-0.074361, -0.803318, -0.6729, -0.503272, -0.251745, 0.988198, -0.14673]"
dummy@dummy.com,"[-0.088489, 2.21748, 0.741493, 0.099316, -0.251745, -0.685878, -0.14673]"
dummy@dummy.com,"[-0.088489, -0.803318, -0.6729, -0.503272, -0.251745, 0.988198, -0.14673]"
dummy@dummy.com,"[-0.088489, -0.411006, -0.22625, -0.24502, -0.251745, -0.685878, -0.14673]"
dummy@dummy.com,"[-0.088489, -0.803318, -0.449575, -0.24502, -0.251745, -0.685878, -0.14673]"
dummy@dummy.com,"[-0.088489, 0.994776, 1.43274, 1.2307, -0.251745, -0.685878, -0.14673]"
dummy@dummy.com,"[0.731011, 2.1194, 1.03926, 0.787987, 0.838802, 2.66227, -0.096135]"
dummy@dummy.com,"[-0.088489, -0.803318, 0.890376, 1.30449, -0.251745, -0.685878, -0.14673]"
dummy@dummy.com,"[-0.088489, -0.803318, -0.6729, -0.503272, -0.251745, 0.988198, -0.14673]"
dummy@dummy.com,"[-0.027608, -0.803318, -0.6729, -0.503272, -0.251745, 0.988198, -0.14673]"
dummy@dummy.com,"[-0.088489, 0.726696, -0.002925, -0.24502, -0.251745, -0.685878, -0.14673]"
dummy@dummy.com,"[-0.088489, 3.04133, 0.443726, 0.142358, -0.251745, -0.685878, -0.14673]"
dummy@dummy.com,"[0.20606, 0.498665, 0.010212, -0.169063, 3.54772, 2.46761, 2.76337]"
dummy@dummy.com,"[-0.088489, -0.254082, 0.443726, 0.529735, -0.251745, -0.685878, -0.14673]"
dummy@dummy.com,"[-0.088489, -0.803318, -0.22625, 0.013232, -0.251745, -0.685878, -0.14673]"
dummy@dummy.com,"[-0.088489, -0.136389, -0.002925, 0.013232, -0.251745, -0.685878, -0.14673]"
dummy@dummy.com,"[-0.088489, -0.803318, -0.449575, -0.24502, -0.251745, -0.685878, -0.14673]"
dummy@dummy.com,"[-0.088489, -0.803318, -0.002925, 0.271484, -0.251745, -0.685878, -0.14673]"
dummy@dummy.com,"[-0.088489, -0.018695, -0.449575, -0.503272, -0.251745, -0.685878, -0.14673]"
dummy@dummy.com,"[0.367298, -0.803318, -0.6729, -0.503272, 2.01057, 0.988198, -0.144905]"
dummy@dummy.com,"[-0.060512, -0.803318, -0.6729, -0.503272, -0.248906, 1.19746, -0.144903]"
dummy@dummy.com,"[-0.088489, -0.803318, -0.6729, -0.503272, 5.89366, 0.988198, -0.14673]"
dummy@dummy.com,"[-0.088489, 1.68786, 3.4214, 3.54267, -0.251745, -0.685878, -0.14673]"
dummy@dummy.com,"[0.041096, -0.803318, -0.6729, -0.503272, -0.251745, 0.988198, -0.14478]"
dummy@dummy.com,"[-0.088489, -0.803318, -0.22625, 0.013232, -0.251745, -0.685878, -0.14673]"
dummy@dummy.com,"[-0.073289, -0.803318, -0.6729, -0.503272, -0.251745, 0.988198, -0.14673]"
dummy@dummy.com,"[-0.088489, 2.04748, 0.741493, 0.1854, -0.251745, -0.685878, -0.14673]"
dummy@dummy.com,"[-0.088489, 0.17746, -0.002925, 0.013232, -0.251745, -0.685878, -0.14673]"
dummy@dummy.com,"[-0.088489, 0.255923, -0.151808, -0.158936, -0.251745, -0.685878, -0.14673]"
dummy@dummy.com,"[-0.088489, 2.02132, 1.56035, 1.04624, -0.251745, -0.685878, -0.14673]"
dummy@dummy.com,"[-0.088489, -0.332544, -0.22625, -0.24502, -0.251745, -0.685878, -0.14673]"
dummy@dummy.com,"[-0.088489, -0.803318, -0.449575, -0.24502, -0.251745, -0.685878, -0.14673]"
dummy@dummy.com,"[0.375009, -0.183466, 0.539437, 0.677308, 3.89672, 4.25663, 8.11043]"
dummy@dummy.com,"[-0.088489, -0.136389, -0.002925, 0.013232, -0.251745, -0.685878, -0.14673]"
dummy@dummy.com,"[0.036939, -0.803318, -0.6729, -0.503272, -0.251745, 0.988198, -0.144261]"
dummy@dummy.com,"[-0.088489, -0.803318, -0.449575, -0.24502, -0.251745, -0.685878, -0.14673]"
dummy@dummy.com,"[-0.088489, 0.765927, 0.443726, 0.271484, -0.251745, -0.685878, -0.14673]"
dummy@dummy.com,"[-0.082204, -0.803318, -0.6729, -0.503272, -0.251745, 0.988198, -0.146274]"
dummy@dummy.com,"[0.063694, -0.803318, -0.6729, -0.503272, 0.840143, 1.72061, 0.190102]"
dummy@dummy.com,"[-0.088489, -0.018695, -0.449575, -0.503272, -0.251745, -0.685878, -0.14673]"
dummy@dummy.com,"[-0.073334, -0.803318, -0.6729, -0.503272, -0.250033, 1.11697, -0.144766]"
dummy@dummy.com,"[-0.088489, -0.018695, -0.449575, -0.503272, -0.251745, -0.685878, -0.14673]"
dummy@dummy.com,"[-0.088489, -0.057926, -0.22625, -0.24502, -0.251745, -0.685878, -0.14673]"
dummy@dummy.com,"[-0.088489, 3.11979, 0.443726, -0.503272, -0.251745, -0.685878, -0.14673]"
dummy@dummy.com,"[-0.088489, 1.55055, 3.12363, 3.49963, -0.251745, -0.685878, -0.14673]"
dummy@dummy.com,"[0.078997, -0.803318, -0.6729, -0.503272, -0.251745, 0.988198, -0.139898]"
dummy@dummy.com,"[-0.088489, 1.58978, 1.26259, 1.0032, -0.251745, -0.685878, -0.14673]"
dummy@dummy.com,"[-0.088489, -0.136389, 0.443726, 0.271484, -0.251745, -0.685878, -0.14673]"
dummy@dummy.com,"[-0.088489, -0.567931, 0.667051, 0.787987, -0.251745, -0.685878, -0.14673]"
dummy@dummy.com,"[-0.088489, -0.803318, -0.449575, -0.24502, -0.251745, -0.685878, -0.14673]"
dummy@dummy.com,"[-0.088489, -0.12985, -0.114587, -0.201978, -0.251745, -0.685878, -0.14673]"
dummy@dummy.com,"[-0.088489, -0.234466, -0.22625, -0.24502, -0.251745, -0.685878, -0.14673]"
dummy@dummy.com,"[-0.088489, -0.803318, -0.449575, -0.24502, -0.251745, -0.685878, -0.14673]"
dummy@dummy.com,"[-0.088489, -0.057926, 0.220401, -0.24502, -0.251745, -0.685878, -0.14673]"
dummy@dummy.com,"[-0.088489, -0.136389, 0.443726, 0.013232, -0.251745, -0.685878, -0.14673]"
dummy@dummy.com,"[-0.088489, -0.803318, -0.449575, -0.24502, -0.251745, -0.685878, -0.14673]"
dummy@dummy.com,"[-0.088489, 2.02132, 5.58021, 5.17827, -0.251745, -0.685878, -0.14673]"
dummy@dummy.com,"[-0.088489, 2.21748, 0.61122, 0.206921, -0.251745, -0.685878, -0.14673]"
dummy@dummy.com,"[-0.07212, -0.803318, -0.6729, -0.503272, -0.251745, 0.988198, -0.14673]"
dummy@dummy.com,"[0.992202, -0.803318, -0.6729, -0.503272, 3.29473, 1.61598, 1.91697]"
dummy@dummy.com,"[-0.088489, 0.726696, 1.56035, 1.30449, -0.251745, -0.685878, -0.14673]"
dummy@dummy.com,"[-0.088489, -0.018695, -0.22625, -0.051331, -0.251745, -0.685878, -0.14673]"
dummy@dummy.com,"[-0.088489, 1.97228, 0.890376, 0.529735, -0.251745, -0.685878, -0.14673]"
dummy@dummy.com,"[-0.088489, 0.150489, 0.220401, 0.283781, -0.251745, -0.685878, -0.14673]"
dummy@dummy.com,"[-0.088489, -0.018695, -0.337913, -0.374146, -0.251745, -0.685878, -0.14673]"
dummy@dummy.com,"[-0.08012, -0.803318, -0.6729, -0.503272, -0.251635, 0.988198, -0.146133]"
dummy@dummy.com,"[-0.088489, 1.51132, 1.33703, 1.04624, -0.251745, -0.685878, -0.14673]"
dummy@dummy.com,"[-0.088489, 0.027074, -0.275878, -0.273714, -0.251745, -0.685878, -0.14673]"
dummy@dummy.com,"[-0.088489, -0.803318, -0.6729, -0.503272, -0.251745, 0.988198, -0.14673]"
dummy@dummy.com,"[-0.088489, -0.214851, 0.667051, 0.787987, -0.251745, -0.685878, -0.14673]"
dummy@dummy.com,"[-0.088489, -0.803318, 0.220401, 0.529735, -0.251745, -0.685878, -0.14673]"
dummy@dummy.com,"[-0.062182, -0.803318, -0.6729, -0.503272, -0.251745, 0.988198, -0.146576]"
dummy@dummy.com,"[-0.064813, 0.648234, 0.488391, 0.064882, 2.94517, 1.14514, -0.146675]"
dummy@dummy.com,"[-0.088489, -0.803318, -0.002925, 0.271484, -0.251745, -0.685878, -0.14673]"
dummy@dummy.com,"[-0.088489, 2.07363, 1.18814, 0.615819, -0.251745, -0.685878, -0.14673]"
dummy@dummy.com,"[-0.088489, -0.018695, -0.449575, -0.503272, -0.251745, -0.685878, -0.14673]"
dummy@dummy.com,"[-0.088489, -0.803318, 0.890376, 1.30449, -0.251745, -0.685878, -0.14673]"
dummy@dummy.com,"[-0.072705, -0.803318, -0.6729, -0.503272, -0.251745, 0.988198, -0.14673]"
dummy@dummy.com,"[-0.073874, -0.803318, -0.22625, 0.013232, -0.251745, 0.988198, -0.14673]"
dummy@dummy.com,"[-0.088489, -0.803318, -0.002925, 0.271484, -0.251745, -0.685878, -0.14673]"
dummy@dummy.com,"[0.016446, -0.803318, -0.6729, -0.503272, -0.251745, 0.988198, -0.14673]"
dummy@dummy.com,"[-0.088489, -0.803318, -0.449575, -0.24502, -0.251745, -0.685878, -0.14673]"
dummy@dummy.com,"[-0.050256, -0.803318, -0.6729, -0.503272, -0.251745, 0.988198, -0.14638]"
dummy@dummy.com,"[-0.088489, 0.648234, 2.23033, 2.3375, -0.251745, -0.685878, -0.14673]"
dummy@dummy.com,"[-0.088489, 0.261527, -0.321961, -0.503272, -0.251745, -0.685878, -0.14673]"
dummy@dummy.com,"[-0.088489, 0.693827, 0.106549, 0.038551, -0.251745, -0.685878, -0.14673]"
dummy@dummy.com,"[-0.088489, -0.803318, -0.6729, -0.503272, -0.251745, 0.988198, -0.14673]"
dummy@dummy.com,"[-0.083812, -0.803318, -0.6729, -0.503272, -0.251745, 0.988198, -0.14673]"
dummy@dummy.com,"[-0.088489, -0.199158, -0.309997, -0.24502, -0.251745, -0.685878, -0.14673]"
dummy@dummy.com,"[-0.088489, -0.018695, -0.002925, 0.206921, -0.251745, -0.685878, -0.14673]"
dummy@dummy.com,"[-0.088489, 1.98209, 0.722882, 0.400609, -0.251745, -0.685878, -0.14673]"
dummy@dummy.com,"[-0.088489, -0.057926, -0.22625, -0.24502, -0.251745, -0.685878, -0.14673]"
dummy@dummy.com,"[-0.088489, -0.057926, -0.22625, -0.24502, -0.251745, -0.685878, -0.14673]"
dummy@dummy.com,"[-0.088489, 3.04133, 0.071517, -0.072852, -0.251745, -0.685878, -0.14673]"
dummy@dummy.com,"[-0.088489, 2.21748, 0.667051, 0.271484, -0.251745, -0.685878, -0.14673]"
dummy@dummy.com,"[-0.088489, -0.803318, -0.449575, -0.24502, -0.251745, -0.685878, -0.14673]"
dummy@dummy.com,"[-0.022196, -0.803318, -0.6729, -0.503272, -0.227215, 2.99709, -0.123202]"
dummy@dummy.com,"[-0.088489, 1.31516, 1.1137, 0.529735, -0.251745, -0.685878, -0.14673]"
dummy@dummy.com,"[0.071105, -0.803318, -0.6729, -0.503272, -0.251745, 0.988198, -0.143767]"
dummy@dummy.com,"[-0.088489, -0.803318, -0.6729, -0.503272, -0.251745, 0.988198, -0.14673]"
dummy@dummy.com,"[-0.088489, -0.803318, -0.449575, -0.24502, -0.251745, -0.685878, -0.14673]"
dummy@dummy.com,"[-0.088489, 0.06369, 0.681939, 0.822421, -0.251745, -0.685878, -0.14673]"
dummy@dummy.com,"[-0.088489, 0.75612, 0.028979, -0.171234, -0.251745, -0.685878, -0.14673]"
dummy@dummy.com,"[-0.088489, 0.41998, 0.062212, -0.051331, -0.251745, -0.685878, -0.14673]"
dummy@dummy.com,"[-0.088489, 2.19786, 2.34199, 0.787987, -0.251745, -0.685878, -0.14673]"
dummy@dummy.com,"[-0.088489, 1.55055, -0.002925, -0.503272, -0.251745, -0.685878, -0.14673]"
dummy@dummy.com,"[0.513879, -0.803318, -0.6729, -0.503272, -0.204638, 1.59695, -0.117139]"
dummy@dummy.com,"[-0.088489, -0.803318, -0.22625, 0.013232, -0.251745, -0.685878, -0.14673]"
dummy@dummy.com,"[-0.088489, 2.1194, 1.03926, 0.701903, -0.251745, -0.685878, -0.14673]"
dummy@dummy.com,"[0.094001, -0.803318, -0.6729, -0.503272, -0.251745, 0.988198, -0.143486]"
dummy@dummy.com,"[1.23327, -0.803318, -0.6729, -0.503272, 0.108809, 0.988198, -0.14673]"
dummy@dummy.com,"[-0.088489, 2.1194, 1.1137, 0.529735, -0.251745, -0.685878, -0.14673]"
dummy@dummy.com,"[-0.088489, -0.188697, -0.002925, -0.051331, -0.251745, -0.685878, -0.14673]"
dummy@dummy.com,"[-0.080743, -0.803318, -0.6729, -0.503272, -0.251745, 0.988198, -0.146718]"
dummy@dummy.com,"[-0.088489, 1.12882, 0.716679, 0.414957, -0.251745, -0.685878, -0.14673]"
dummy@dummy.com,"[-0.088489, 0.242846, 0.220401, 0.271484, -0.251745, -0.685878, -0.14673]"
dummy@dummy.com,"[-0.088489, 1.51132, 1.33703, 1.43362, -0.251745, -0.685878, -0.14673]"
dummy@dummy.com,"[-0.088489, -0.214851, 0.443726, 0.271484, -0.251745, -0.685878, -0.14673]"
dummy@dummy.com,"[-0.088489, -0.136389, -0.151808, 0.013232, -0.251745, -0.685878, -0.14673]"
dummy@dummy.com,"[-0.088489, -0.018695, 0.667051, 0.013232, -0.251745, -0.685878, -0.14673]"
dummy@dummy.com,"[-0.088489, -0.5287, -0.449575, -0.503272, -0.251745, -0.685878, -0.14673]"
dummy@dummy.com,"[-0.088489, 1.90363, 1.1137, 0.658861, -0.251745, -0.685878, -0.14673]"
dummy@dummy.com,"[-0.088489, -0.077542, -0.22625, -0.24502, -0.251745, -0.685878, -0.14673]"
dummy@dummy.com,"[-0.088489, -0.018695, -0.449575, -0.417188, -0.251745, -0.685878, -0.14673]"
dummy@dummy.com,"[-0.088489, 0.648234, 0.401188, 0.283781, -0.251745, -0.685878, -0.14673]"
dummy@dummy.com,"[-0.045507, 0.765927, -0.22625, -0.503272, 4.56283, 0.988198, -0.14673]"
dummy@dummy.com,"[-0.088489, -0.097157, -0.114587, -0.115894, -0.251745, -0.685878, -0.14673]"
dummy@dummy.com,"[-0.088489, -0.018695, -0.449575, -0.503272, -0.251745, -0.685878, -0.14673]"
dummy@dummy.com,"[-0.088489, -0.803318, -0.449575, -0.24502, -0.251745, -0.685878, -0.14673]"
dummy@dummy.com,"[-0.088489, 2.13902, 1.1137, 0.400609, -0.251745, -0.685878, -0.14673]"
dummy@dummy.com,"[-0.088489, -0.057926, -0.22625, -0.24502, -0.251745, -0.685878, -0.14673]"
dummy@dummy.com,"[-0.041838, -0.803318, -0.6729, -0.503272, 2.83434, 2.10425, 2.7008]"
dummy@dummy.com,"[1.30011, -0.803318, -0.6729, -0.503272, -0.251745, 0.988198, -0.113148]"
dummy@dummy.com,"[-0.070951, -0.803318, -0.6729, -0.503272, -0.251745, 0.988198, -0.14673]"
dummy@dummy.com,"[-0.088489, -0.803318, -0.449575, -0.24502, -0.251745, -0.685878, -0.14673]"
dummy@dummy.com,"[-0.088489, 2.08017, 1.2812, 1.23993, -0.251745, -0.685878, -0.14673]"
dummy@dummy.com,"[-0.088489, -0.803318, -0.449575, -0.24502, -0.251745, -0.685878, -0.14673]"
dummy@dummy.com,"[-0.088489, -0.018695, -0.449575, -0.503272, -0.251745, -0.685878, -0.14673]"
dummy@dummy.com,"[-0.088489, -0.803318, -0.449575, -0.24502, -0.251745, -0.685878, -0.14673]"
dummy@dummy.com,"[-0.088489, -0.214851, 0.220401, 0.271484, -0.251745, -0.685878, -0.14673]"
dummy@dummy.com,"[-0.088489, -0.018695, -0.22625, -0.24502, -0.251745, -0.685878, -0.14673]"
dummy@dummy.com,"[0.60199, 1.93305, 1.02437, 0.478085, 2.91764, 1.80815, 0.820048]"
dummy@dummy.com,"[0.359162, -0.803318, -0.6729, -0.503272, -0.251745, 0.988198, -0.116203]"
dummy@dummy.com,"[-0.088489, -0.057926, -0.22625, -0.24502, -0.251745, -0.685878, -0.14673]"
dummy@dummy.com,"[-0.088489, 3.0021, 1.56035, 0.013232, -0.251745, -0.685878, -0.14673]"
dummy@dummy.com,"[-0.088489, -0.057926, -0.22625, -0.24502, -0.251745, -0.685878, -0.14673]"
dummy@dummy.com,"[-0.088489, 1.8644, 2.11867, 1.69187, -0.251745, -0.685878, -0.14673]"
dummy@dummy.com,"[-0.041331, 0.564167, 0.722882, 0.529735, 1.39755, 3.73563, 0.472494]"
dummy@dummy.com,"[0.25934, 0.530541, 0.354396, 0.581386, 0.356789, 1.39372, -0.019823]"
dummy@dummy.com,"[-0.088489, -0.803318, -0.6729, -0.503272, -0.251745, 0.988198, -0.14673]"
dummy@dummy.com,"[-0.077966, -0.803318, -0.6729, -0.503272, -0.251745, 0.988198, -0.14673]"
dummy@dummy.com,"[-0.088489, 1.07978, 0.332063, 0.013232, -0.251745, -0.685878, -0.14673]"
dummy@dummy.com,"[-0.088489, 1.65517, 0.815935, 0.1854, -0.251745, -0.685878, -0.14673]"
dummy@dummy.com,"[-0.036766, 0.543422, 0.223192, 0.158498, 5.61577, 0.988198, -0.146727]"
dummy@dummy.com,"[-0.088489, 0.765927, -0.22625, -0.158936, -0.251745, -0.685878, -0.14673]"
dummy@dummy.com,"[-0.088489, -0.057926, -0.22625, -0.24502, -0.251745, -0.685878, -0.14673]"
dummy@dummy.com,"[-0.088489, -0.411006, -0.22625, -0.24502, -0.251745, -0.685878, -0.14673]"
dummy@dummy.com,"[-0.088489, -0.803318, -0.449575, -0.24502, -0.251745, -0.685878, -0.14673]"
dummy@dummy.com,"[-0.088489, 0.530541, 0.667051, 0.529735, -0.251745, -0.685878, -0.14673]"
dummy@dummy.com,"[-0.088489, -0.803318, -0.6729, -0.503272, -0.251745, 0.988198, -0.14673]"
dummy@dummy.com,"[-0.088489, -0.803318, -0.449575, -0.24502, -0.251745, -0.685878, -0.14673]"
dummy@dummy.com,"[-0.080109, -0.803318, -0.6729, -0.503272, -0.251745, 0.988198, -0.14673]"
dummy@dummy.com,"[-0.081473, -0.803318, -0.6729, -0.503272, -0.251745, 0.988198, -0.14673]"
dummy@dummy.com,"[-0.088489, -0.018695, -0.449575, -0.503272, -0.251745, -0.685878, -0.14673]"
dummy@dummy.com,"[-0.055362, -0.803318, -0.6729, -0.503272, 3.71632, 0.988198, -0.144451]"
dummy@dummy.com,"[-0.088489, 0.805158, 3.19807, 3.28442, -0.251745, -0.685878, -0.14673]"
dummy@dummy.com,"[0.035347, -0.803318, -0.449575, -0.24502, -0.251745, 0.988198, -0.14673]"
dummy@dummy.com,"[-0.088489, -0.803318, -0.22625, 0.013232, -0.251745, -0.685878, -0.14673]"
dummy@dummy.com,"[-0.071389, -0.803318, -0.6729, -0.503272, 4.12112, 1.17421, 0.749312]"
dummy@dummy.com,"[0.186737, -0.803318, -0.6729, -0.503272, -0.251745, 0.988198, -0.125039]"
dummy@dummy.com,"[-0.088489, -0.057926, -0.22625, -0.24502, -0.251745, -0.685878, -0.14673]"
dummy@dummy.com,"[-0.088489, 1.15824, 2.37921, 2.16533, -0.251745, -0.685878, -0.14673]"
dummy@dummy.com,"[-0.088489, -0.057926, -0.22625, -0.24502, -0.251745, -0.685878, -0.14673]"
dummy@dummy.com,"[-0.088489, 1.68786, 0.443726, 0.336047, -0.251745, -0.685878, -0.14673]"
dummy@dummy.com,"[-0.088489, -0.081465, -0.270915, -0.34832, -0.251745, -0.685878, -0.14673]"
dummy@dummy.com,"[-0.088489, -0.136389, 0.108738, 0.142358, -0.251745, -0.685878, -0.14673]"
dummy@dummy.com,"[-0.088489, -0.803318, -0.22625, 0.013232, -0.251745, -0.685878, -0.14673]"
dummy@dummy.com,"[-0.080694, -0.803318, -0.6729, -0.503272, -0.251745, 0.988198, -0.14673]"
dummy@dummy.com,"[-0.088489, -0.057926, -0.22625, -0.24502, -0.251745, -0.685878, -0.14673]"
dummy@dummy.com,"[-0.086442, 2.15863, 1.1137, 0.271484, -0.251745, 0.988198, -0.14673]"
dummy@dummy.com,"[0.083966, -0.803318, -0.6729, -0.503272, -0.25103, 2.66227, -0.113524]"
dummy@dummy.com,"[-0.088489, -0.803318, -0.6729, -0.503272, -0.251745, 0.988198, -0.14673]"
dummy@dummy.com,"[-0.088489, 1.6094, 0.667051, 0.206921, -0.251745, -0.685878, -0.14673]"
dummy@dummy.com,"[-0.088489, -0.803318, -0.449575, -0.24502, -0.251745, -0.685878, -0.14673]"
dummy@dummy.com,"[-0.088489, -0.803318, -0.449575, -0.24502, -0.251745, -0.685878, -0.14673]"
dummy@dummy.com,"[-0.088489, -0.018695, -0.449575, -0.503272, -0.251745, -0.685878, -0.14673]"
dummy@dummy.com,"[-0.088489, 0.295154, -0.22625, -0.503272, -0.251745, -0.685878, -0.14673]"
dummy@dummy.com,"[-0.088489, -0.803318, -0.002925, 0.271484, -0.251745, -0.685878, -0.14673]"
dummy@dummy.com,"[-0.088489, -0.5287, -0.337913, -0.24502, -0.251745, -0.685878, -0.14673]"
dummy@dummy.com,"[-0.066274, -0.803318, -0.6729, -0.503272, -0.251745, 0.988198, -0.146262]"
dummy@dummy.com,"[-0.088489, -0.136389, -0.002925, 0.013232, -0.251745, -0.685878, -0.14673]"
dummy@dummy.com,"[-0.088489, -0.018695, -0.449575, -0.503272, -0.251745, -0.685878, -0.14673]"
dummy@dummy.com,"[-0.031328, -0.018695, -0.449575, -0.503272, -0.251745, 0.988198, -0.14673]"
dummy@dummy.com,"[-0.065631, 0.400776, 0.184669, 0.281814, -0.251745, 0.988198, -0.14656]"
dummy@dummy.com,"[-0.085566, -0.803318, -0.6729, -0.503272, -0.251745, 0.988198, -0.146642]"
dummy@dummy.com,"[-0.088489, 1.48516, 1.48591, 1.21841, -0.251745, -0.685878, -0.14673]"
dummy@dummy.com,"[-0.088489, -0.018695, 0.667051, 0.874071, -0.251745, -0.685878, -0.14673]"
dummy@dummy.com,"[0.185685, -0.803318, -0.6729, -0.503272, -0.251745, 0.988198, -0.14673]"
dummy@dummy.com,"[-0.088489, -0.803318, -0.002925, 0.271484, -0.251745, -0.685878, -0.14673]"
dummy@dummy.com,"[0.409116, 0.112075, 0.108738, 0.099316, 0.015488, 0.988198, -0.123308]"
dummy@dummy.com,"[-0.088489, -0.057926, -0.22625, -0.24502, -0.251745, -0.685878, -0.14673]"
dummy@dummy.com,"[-0.088489, -0.018695, -0.449575, -0.503272, -0.251745, -0.685878, -0.14673]"
dummy@dummy.com,"[-0.088489, -0.803318, -0.22625, 0.013232, -0.251745, -0.685878, -0.14673]"
dummy@dummy.com,"[-0.088489, -0.136389, 0.108738, 0.142358, -0.251745, -0.685878, -0.14673]"
dummy@dummy.com,"[-0.088489, 3.08056, 0.890376, 0.658861, -0.251745, -0.685878, -0.14673]"
dummy@dummy.com,"[-0.079038, -0.803318, -0.6729, -0.503272, -0.251745, 0.988198, -0.146316]"
dummy@dummy.com,"[-0.088489, -0.018695, -0.22625, -0.24502, -0.251745, -0.685878, -0.14673]"
dummy@dummy.com,"[-0.034706, -0.803318, -0.6729, -0.503272, 0.141366, 1.70566, 0.064965]"
dummy@dummy.com,"[-0.088489, 2.0344, 0.332063, -0.051331, -0.251745, -0.685878, -0.14673]"
dummy@dummy.com,"[-0.088489, 0.558563, -0.198334, -0.374146, -0.251745, -0.685878, -0.14673]"
dummy@dummy.com,"[0.080458, -0.803318, -0.6729, -0.503272, -0.251745, 0.988198, -0.067783]"
dummy@dummy.com,"[-0.088489, -0.057926, -0.22625, -0.24502, -0.251745, -0.685878, -0.14673]"
dummy@dummy.com,"[-0.088489, -0.17562, 15.53059, 18.06216, -0.251745, -0.685878, -0.14673]"
dummy@dummy.com,"[-0.088489, 1.35439, 0.667051, 0.271484, -0.251745, -0.685878, -0.14673]"
dummy@dummy.com,"[0.181593, -0.803318, -0.6729, -0.503272, -0.251745, 0.988198, -0.14673]"
dummy@dummy.com,"[-0.088489, 0.295154, -0.449575, -0.503272, -0.251745, -0.685878, -0.14673]"
dummy@dummy.com,"[0.019448, -0.027413, 1.85812, 1.30449, 0.15582, 1.78719, 0.674988]"
dummy@dummy.com,"[-0.088489, -0.081465, -0.22625, -0.34832, -0.251745, -0.685878, -0.14673]"
dummy@dummy.com,"[-0.088489, -0.018695, -0.449575, -0.503272, -0.251745, -0.685878, -0.14673]"
dummy@dummy.com,"[-0.088489, -0.018695, -0.449575, -0.503272, -0.251745, -0.685878, -0.14673]"
dummy@dummy.com,"[-0.088489, -0.018695, -0.449575, -0.503272, -0.251745, -0.685878, -0.14673]"
dummy@dummy.com,"[-0.085566, -0.803318, -0.6729, -0.503272, -0.251745, 0.988198, -0.146692]"
dummy@dummy.com,"[-0.088489, -0.057926, -0.002925, 0.013232, -0.251745, -0.685878, -0.14673]"
dummy@dummy.com,"[-0.014099, -0.803318, -0.6729, -0.503272, -0.251745, 0.988198, -0.14673]"
dummy@dummy.com,"[0.38789, -0.803318, -0.6729, -0.503272, 0.662172, 2.20982, 0.974269]"
dummy@dummy.com,"[-0.088489, -0.018695, -0.449575, -0.503272, -0.251745, -0.685878, -0.14673]"
dummy@dummy.com,"[-0.088489, -0.803318, -0.6729, -0.503272, -0.251745, 0.988198, -0.14673]"
dummy@dummy.com,"[-0.088489, -0.018695, -0.449575, -0.503272, -0.251745, -0.685878, -0.14673]"
dummy@dummy.com,"[-0.088489, -0.208312, 0.480947, 0.400609, -0.251745, -0.685878, -0.14673]"
dummy@dummy.com,"[-0.088489, -0.411006, -0.002925, 0.142358, -0.251745, -0.685878, -0.14673]"
dummy@dummy.com,"[0.207899, -0.803318, -0.6729, -0.503272, -0.251745, 0.988198, -0.130659]"
dummy@dummy.com,"[0.038368, -0.803318, -0.6729, -0.503272, -0.251745, 0.988198, -0.144324]"
dummy@dummy.com,"[-0.074531, -0.803318, -0.6729, -0.503272, -0.251745, 0.988198, -0.14673]"
dummy@dummy.com,"[-0.082837, 0.081562, 0.017378, -0.033723, 0.263408, 2.10425, 0.338682]"
dummy@dummy.com,"[-0.088489, -0.018695, -0.22625, -0.24502, -0.251745, -0.685878, -0.14673]"
dummy@dummy.com,"[0.206775, -0.803318, -0.6729, -0.503272, 3.29276, 2.10425, 5.7738]"
dummy@dummy.com,"[-0.088489, 0.765927, -0.22625, -0.503272, -0.251745, -0.685878, -0.14673]"
dummy@dummy.com,"[-0.088489, -0.018695, -0.337913, -0.503272, -0.251745, -0.685878, -0.14673]"
dummy@dummy.com,"[0.007635, -0.803318, -0.6729, -0.503272, -0.228775, 2.58256, -0.102769]"
dummy@dummy.com,"[-0.088489, -0.057926, -0.002925, 0.142358, -0.251745, -0.685878, -0.14673]"
dummy@dummy.com,"[-0.088489, -0.803318, -0.449575, -0.24502, -0.251745, -0.685878, -0.14673]"
dummy@dummy.com,"[-0.088489, 2.23709, 0.778714, 0.142358, -0.251745, -0.685878, -0.14673]"
dummy@dummy.com,"[-0.088489, 0.628618, 0.220401, 0.013232, -0.251745, -0.685878, -0.14673]"
dummy@dummy.com,"[-0.083812, -0.803318, -0.6729, -0.503272, -0.251745, 0.988198, -0.146705]"
dummy@dummy.com,"[-0.088489, -0.136389, -0.337913, -0.374146, -0.251745, -0.685878, -0.14673]"
dummy@dummy.com,"[-0.088489, -0.241005, -0.002925, 0.077795, -0.251745, -0.685878, -0.14673]"
dummy@dummy.com,"[1.2058, -0.803318, -0.6729, -0.503272, -0.251745, 0.988198, -0.14673]"
dummy@dummy.com,"[0.363868, -0.803318, -0.6729, -0.503272, 2.66683, 1.32301, 0.984534]"
dummy@dummy.com,"[-0.077381, -0.018695, 0.667051, 0.529735, -0.251745, 0.988198, -0.146046]"
dummy@dummy.com,"[-0.088489, -0.803318, 0.220401, 0.529735, -0.251745, -0.685878, -0.14673]"
dummy@dummy.com,"[-0.088489, -0.803318, -0.22625, 0.013232, -0.251745, -0.685878, -0.14673]"
dummy@dummy.com,"[-0.063351, -0.803318, -0.6729, -0.503272, -0.251745, 0.988198, -0.14673]"
dummy@dummy.com,"[-0.088489, 0.811697, 0.834545, 0.981676, -0.251745, -0.685878, -0.14673]"
dummy@dummy.com,"[1.60484, -0.803318, -0.6729, -0.503272, -0.169352, 1.94481, -0.067102]"
dummy@dummy.com,"[0.023168, -0.803318, -0.6729, -0.503272, -0.251745, 0.988198, -0.142725]"
dummy@dummy.com,"[-0.088489, 0.765927, -0.22625, -0.503272, -0.251745, -0.685878, -0.14673]"
dummy@dummy.com,"[-1, -1, -1, -1, -1, -1, -1]"
dummy@dummy.com,"[-0.088489, 1.87748, 1.26259, 0.701903, -0.251745, -0.685878, -0.14673]"
dummy@dummy.com,"[-0.088489, -0.803318, -0.22625, 0.013232, -0.251745, -0.685878, -0.14673]"
dummy@dummy.com,"[-0.088489, 0.461548, -0.240208, -0.414497, -0.251745, -0.685878, -0.14673]"
dummy@dummy.com,"[-0.088489, -0.018695, -0.449575, -0.503272, -0.251745, -0.685878, -0.14673]"
dummy@dummy.com,"[-0.086735, -0.803318, -0.6729, -0.503272, -0.251745, 0.988198, -0.14673]"
dummy@dummy.com,"[23.93617, -0.803318, -0.6729, -0.503272, -0.251745, 0.988198, -0.14673]"
dummy@dummy.com,"[-0.088489, -0.018695, -0.449575, -0.503272, -0.251745, -0.685878, -0.14673]"
dummy@dummy.com,"[0.0534, -0.803318, -0.6729, -0.503272, -0.251745, 0.988198, -0.144546]"
dummy@dummy.com,"[-0.088489, 0.347462, 1.1137, 0.271484, -0.251745, 0.988198, -0.14673]"
dummy@dummy.com,"[-0.088489, -0.156004, 0.108738, 0.142358, -0.251745, -0.685878, -0.14673]"
dummy@dummy.com,"[-0.088489, 3.08056, 0.667051, -0.24502, -0.251745, -0.685878, -0.14673]"
dummy@dummy.com,"[-0.088489, -0.018695, -0.449575, -0.503272, -0.251745, -0.685878, -0.14673]"
dummy@dummy.com,"[-0.045229, -0.803318, -0.6729, -0.503272, -0.251745, 0.988198, -0.146072]"
dummy@dummy.com,"[-0.088489, -0.803318, -0.449575, -0.24502, -0.251745, -0.685878, -0.14673]"
dummy@dummy.com,"[-0.088489, -0.803318, -0.449575, -0.24502, -0.251745, -0.685878, -0.14673]"
dummy@dummy.com,"[-0.088489, -0.803318, -0.449575, -0.24502, -0.251745, -0.685878, -0.14673]"
dummy@dummy.com,"[-0.088489, -0.803318, 0.220401, 0.529735, -0.251745, -0.685878, -0.14673]"
dummy@dummy.com,"[-0.088489, -0.803318, -0.449575, -0.24502, -0.251745, -0.685878, -0.14673]"
dummy@dummy.com,"[0.00396, 0.092963, 0.14158, 0.180336, -0.251745, 0.988198, -0.145068]"
dummy@dummy.com,"[0.048306, -0.803318, -0.6729, -0.503272, -0.251745, 0.988198, -0.145616]"
dummy@dummy.com,"[-0.088489, 1.84478, 2.007, 1.90708, -0.251745, -0.685878, -0.14673]"
dummy@dummy.com,"[-0.088489, -0.230543, 0.060883, 0.123911, -0.251745, -0.685878, -0.14673]"
dummy@dummy.com,"[-0.088489, -0.018695, -0.449575, -0.503272, -0.251745, -0.685878, -0.14673]"
dummy@dummy.com,"[-0.066859, -0.803318, -0.6729, -0.503272, -0.251745, 0.988198, -0.14673]"
dummy@dummy.com,"[-0.069002, -0.803318, -0.6729, -0.503272, -0.251745, 0.988198, -0.14673]"
dummy@dummy.com,"[-0.088489, -0.018695, -0.449575, -0.503272, -0.251745, -0.685878, -0.14673]"
dummy@dummy.com,"[-0.018562, -0.803318, -0.6729, -0.503272, -0.251745, 0.988198, -0.129016]"
dummy@dummy.com,"[-0.088489, -0.214851, -0.002925, 0.142358, -0.251745, -0.685878, -0.14673]"
dummy@dummy.com,"[-0.088489, -0.254082, 0.443726, 0.529735, -0.251745, -0.685878, -0.14673]"
dummy@dummy.com,"[-0.088489, -0.057926, -0.22625, -0.24502, -0.251745, -0.685878, -0.14673]"
dummy@dummy.com,"[-0.088489, 0.857467, 0.220401, -0.158936, -0.251745, -0.685878, -0.14673]"
dummy@dummy.com,"[-0.088489, -0.803318, 0.220401, 0.529735, -0.251745, -0.685878, -0.14673]"
dummy@dummy.com,"[-0.032368, -0.803318, -0.6729, -0.503272, -0.251745, 1.82524, -0.145829]"
dummy@dummy.com,"[-0.088489, -0.057926, -0.22625, -0.115894, -0.251745, -0.685878, -0.14673]"
dummy@dummy.com,"[-0.051659, -0.803318, -0.6729, -0.503272, -0.251745, 0.988198, -0.146696]"
dummy@dummy.com,"[-0.063156, -0.803318, -0.6729, -0.503272, -0.251745, 0.988198, -0.145595]"
dummy@dummy.com,"[-0.088489, -0.803318, -0.300692, -0.072852, -0.251745, -0.685878, -0.14673]"
dummy@dummy.com,"[-0.088489, 2.08017, 1.44869, 0.917113, -0.251745, -0.685878, -0.14673]"
dummy@dummy.com,"[-0.076797, -0.803318, -0.6729, -0.503272, 6.09717, 1.29821, -0.144841]"
dummy@dummy.com,"[-0.088489, 0.373616, -0.337913, -0.503272, -0.251745, -0.685878, -0.14673]"
dummy@dummy.com,"[0.191637, 2.31556, 0.369284, -0.072852, 6.24327, 3.57541, 3.84066]"
dummy@dummy.com,"[-0.088489, 2.15863, 1.00204, 0.400609, -0.251745, -0.685878, -0.14673]"
dummy@dummy.com,"[-0.088489, 1.51132, 0.220401, -0.24502, -0.251745, -0.685878, -0.14673]"
dummy@dummy.com,"[-0.088489, -0.018695, -0.449575, -0.503272, -0.251745, -0.685878, -0.14673]"
dummy@dummy.com,"[0.144233, -0.803318, -0.6729, -0.503272, 1.56966, 1.07405, -0.050945]"
dummy@dummy.com,"[-0.088489, -0.803318, -0.449575, -0.24502, -0.251745, -0.685878, -0.14673]"
dummy@dummy.com,"[-0.021261, -0.803318, -0.6729, -0.503272, 0.629673, 1.1277, -0.14673]"
dummy@dummy.com,"[-0.088489, -0.057926, -0.22625, -0.24502, -0.251745, -0.685878, -0.14673]"
dummy@dummy.com,"[-0.088489, 0.091152, -0.114587, 0.031678, -0.251745, -0.685878, -0.14673]"
dummy@dummy.com,"[-0.088489, -0.803318, -0.449575, -0.24502, -0.251745, -0.685878, -0.14673]"
dummy@dummy.com,"[-0.085566, -0.803318, -0.6729, -0.503272, -0.251745, 0.988198, -0.136789]"
dummy@dummy.com,"[-0.088489, -0.803318, -0.6729, -0.503272, -0.251745, 0.988198, -0.14673]"
dummy@dummy.com,"[-0.076212, -0.803318, -0.6729, -0.503272, -0.251745, 0.988198, -0.14673]"
dummy@dummy.com,"[-0.083427, 0.519332, 0.338632, 0.233505, -0.251745, 0.988198, -0.146016]"
dummy@dummy.com,"[-0.088489, -0.018695, -0.449575, -0.503272, -0.251745, -0.685878, -0.14673]"
dummy@dummy.com,"[-0.088489, -0.803318, -0.449575, -0.24502, -0.251745, -0.685878, -0.14673]"
dummy@dummy.com,"[-0.088489, -0.803318, -0.22625, 0.013232, -0.251745, -0.685878, -0.14673]"
dummy@dummy.com,"[0.02083, -0.803318, -0.6729, -0.503272, -0.251745, 0.988198, -0.145586]"
dummy@dummy.com,"[-0.063351, -0.803318, -0.6729, -0.503272, -0.251745, 0.988198, -0.146604]"
dummy@dummy.com,"[-0.088489, 1.57017, 0.387895, -0.115894, -0.251745, -0.685878, -0.14673]"
dummy@dummy.com,"[-0.088489, -0.803318, -0.449575, -0.24502, -0.251745, -0.685878, -0.14673]"
dummy@dummy.com,"[-0.088489, 3.11979, 0.220401, -0.115894, -0.251745, -0.685878, -0.14673]"
dummy@dummy.com,"[0.083828, -0.803318, -0.6729, -0.503272, 1.82948, 1.42874, 1.70747]"
dummy@dummy.com,"[-0.088489, 2.02132, 0.890376, 0.615819, -0.251745, -0.685878, -0.14673]"
dummy@dummy.com,"[0.141386, -0.803318, -0.6729, -0.503272, -0.251305, 1.32301, -0.140512]"
dummy@dummy.com,"[-0.088489, -0.803318, -0.449575, -0.24502, -0.251745, -0.685878, -0.14673]"
dummy@dummy.com,"[0.080299, -0.803318, -0.6729, -0.503272, 9.05677, 1.82524, 8.44889]"
dummy@dummy.com,"[-0.088489, 1.0667, 1.33703, 1.23993, -0.251745, -0.685878, -0.14673]"
dummy@dummy.com,"[-0.088489, -0.018695, -0.449575, -0.503272, -0.251745, -0.685878, -0.14673]"
dummy@dummy.com,"[-0.076797, -0.803318, -0.6729, -0.503272, -0.251745, 0.988198, -0.14673]"
dummy@dummy.com,"[0.272555, -0.803318, -0.6729, -0.503272, 7.40822, 1.99264, 5.5066]"
dummy@dummy.com,"[-0.06626, 0.909775, 0.294842, 0.013232, -0.251745, 0.988198, -0.146475]"
dummy@dummy.com,"[-0.088489, -0.803318, 0.667051, 1.04624, -0.251745, -0.685878, -0.14673]"
dummy@dummy.com,"[-0.088489, 3.04133, 0.890376, 0.013232, -0.251745, -0.685878, -0.14673]"
dummy@dummy.com,"[-0.088489, -0.254082, 0.667051, 0.787987, -0.251745, -0.685878, -0.14673]"
dummy@dummy.com,"[-0.088489, -0.057926, -0.22625, -0.24502, -0.251745, -0.685878, -0.14673]"
dummy@dummy.com,"[0.028164, -0.803318, -0.6729, -0.503272, 2.77475, 1.1277, 0.318047]"
dummy@dummy.com,"[-0.088489, -0.018695, -0.337913, -0.374146, -0.251745, -0.685878, -0.14673]"
dummy@dummy.com,"[-0.088489, 0.648234, 0.220401, 0.013232, -0.251745, -0.685878, -0.14673]"
dummy@dummy.com,"[-0.088489, 2.16517, 0.890376, 0.271484, -0.251745, -0.685878, -0.14673]"
dummy@dummy.com,"[-0.088489, -0.018695, -0.449575, -0.503272, -0.251745, -0.685878, -0.14673]"
dummy@dummy.com,"[-0.088489, 0.255923, 0.220401, 0.013232, -0.251745, -0.685878, -0.14673]"
dummy@dummy.com,"[-0.088489, 0.726696, -0.002925, 0.013232, -0.251745, -0.685878, -0.14673]"
dummy@dummy.com,"[-2.70339, -0.803318, -0.002925, 0.271484, 0.491655, 2.41877, 0.880056]"
dummy@dummy.com,"[0.606591, -0.803318, -0.6729, -0.503272, -0.251745, 0.988198, -0.138771]"
dummy@dummy.com,"[0.7428, -0.803318, -0.6729, -0.503272, 0.320364, 3.2203, 0.342636]"
dummy@dummy.com,"[0.013084, -0.803318, -0.6729, -0.503272, -0.251745, 0.988198, -0.14446]"
dummy@dummy.com,"[0.099082, -0.803318, -0.6729, -0.503272, -0.251745, 0.988198, -0.133787]"
dummy@dummy.com,"[0.227483, -0.803318, -0.6729, -0.503272, 3.27824, 1.26721, -0.145409]"
dummy@dummy.com,"[-0.088489, -0.803318, -0.449575, -0.24502, -0.251745, -0.685878, -0.14673]"
dummy@dummy.com,"[-0.088489, 0.295154, 0.160847, 0.110794, -0.251745, -0.685878, -0.14673]"
dummy@dummy.com,"[-0.081473, -0.803318, -0.6729, -0.503272, 0.135118, 1.87447, 0.231592]"
dummy@dummy.com,"[-0.088489, -0.803318, -0.6729, -0.503272, -0.251745, 0.988198, -0.14673]"
dummy@dummy.com,"[-0.088489, 2.19786, 0.778714, 0.142358, -0.251745, -0.685878, -0.14673]"
dummy@dummy.com,"[-0.088489, -0.803318, 0.220401, 0.529735, -0.251745, -0.685878, -0.14673]"
dummy@dummy.com,"[-0.032911, -0.803318, -0.6729, -0.503272, 3.32789, 1.94481, 1.52735]"
dummy@dummy.com,"[-0.088489, -0.803318, -0.6729, -0.503272, -0.251745, 0.988198, -0.14673]"
dummy@dummy.com,"[-0.088489, -0.057926, -0.22625, -0.24502, -0.251745, -0.685878, -0.14673]"
dummy@dummy.com,"[-0.088489, -0.057926, -0.22625, -0.24502, -0.251745, -0.685878, -0.14673]"
dummy@dummy.com,"[-0.088489, 2.02132, 1.48591, 0.960155, -0.251745, -0.685878, -0.14673]"
dummy@dummy.com,"[-0.088489, -0.803318, -0.449575, -0.24502, -0.251745, -0.685878, -0.14673]"
dummy@dummy.com,"[0.055287, 2.2044, 0.741493, 0.099316, 1.55366, 2.02219, 0.920174]"
dummy@dummy.com,"[-0.088489, -0.411006, -0.449575, -0.503272, -0.251745, -0.685878, -0.14673]"
dummy@dummy.com,"[-0.088489, -0.803318, -0.6729, -0.503272, -0.251745, 0.988198, -0.14673]"
dummy@dummy.com,"[-0.08615, -0.803318, -0.6729, -0.503272, -0.251745, 0.988198, -0.14673]"
dummy@dummy.com,"[-0.088489, -0.018695, -0.449575, -0.503272, -0.251745, -0.685878, -0.14673]"
dummy@dummy.com,"[-0.088489, 0.373616, 1.48591, 1.64883, -0.251745, -0.685878, -0.14673]"
dummy@dummy.com,"[0.02843, -0.803318, -0.6729, -0.503272, 0.877676, 1.5239, 0.477825]"
dummy@dummy.com,"[-0.085816, 0.469179, -0.080025, -0.220424, -0.251745, 0.988198, -0.14673]"
dummy@dummy.com,"[-0.088489, 0.726696, 0.443726, 0.271484, -0.251745, -0.685878, -0.14673]"
dummy@dummy.com,"[-0.088489, -0.057926, -0.22625, -0.24502, -0.251745, -0.685878, -0.14673]"
dummy@dummy.com,"[-0.088489, -0.018695, -0.449575, -0.503272, -0.251745, -0.685878, -0.14673]"
dummy@dummy.com,"[-0.053681, 1.21055, 0.403121, 0.224529, 0.62729, 1.54622, 0.95165]"
dummy@dummy.com,"[0.104928, 0.354001, 0.890376, 0.917113, -0.251745, 0.988198, -0.139316]"
dummy@dummy.com,"[-0.088489, -0.057926, -0.002925, -0.24502, -0.251745, -0.685878, -0.14673]"
dummy@dummy.com,"[-0.088489, -0.057926, 0.34447, 0.529735, -0.251745, -0.685878, -0.14673]"
dummy@dummy.com,"[-0.088489, 2.02132, 0.667051, -0.072852, -0.251745, -0.685878, -0.14673]"
dummy@dummy.com,"[-0.088489, 1.47209, 0.369284, -0.072852, -0.251745, -0.685878, -0.14673]"
dummy@dummy.com,"[-0.088489, -0.018695, -0.449575, -0.503272, -0.251745, -0.685878, -0.14673]"
dummy@dummy.com,"[-0.088489, -0.136389, -0.002925, 0.013232, -0.251745, -0.685878, -0.14673]"
dummy@dummy.com,"[-0.088489, -0.803318, -0.22625, 0.013232, -0.251745, -0.685878, -0.14673]"
dummy@dummy.com,"[-0.088489, -0.803318, -0.449575, -0.24502, -0.251745, -0.685878, -0.14673]"
dummy@dummy.com,"[-0.088489, -0.018695, -0.449575, -0.503272, -0.251745, -0.685878, -0.14673]"
dummy@dummy.com,"[-0.088489, -0.018695, -0.449575, -0.503272, -0.251745, -0.685878, -0.14673]"
dummy@dummy.com,"[-0.088489, -0.136389, -0.002925, 0.013232, -0.251745, -0.685878, -0.14673]"
dummy@dummy.com,"[-0.025565, -0.803318, -0.449575, -0.24502, -0.251745, 0.988198, -0.145707]"
dummy@dummy.com,"[0.162301, 0.861203, 0.567795, 0.472346, -0.251745, 0.988198, -0.14673]"
dummy@dummy.com,"[-0.088489, 3.08056, 0.667051, -0.24502, -0.251745, -0.685878, -0.14673]"
dummy@dummy.com,"[-0.088489, 2.08017, 4.01693, 3.54267, -0.251745, -0.685878, -0.14673]"
dummy@dummy.com,"[-0.088489, 1.92325, 0.145959, -0.158936, -0.251745, -0.685878, -0.14673]"
dummy@dummy.com,"[-0.088489, -0.567931, 0.667051, 0.787987, -0.251745, -0.685878, -0.14673]"
dummy@dummy.com,"[0.166861, -0.803318, -0.6729, -0.503272, 2.68117, 1.65783, 0.963944]"
dummy@dummy.com,"[-0.088489, 0.644667, 0.186902, 0.219833, -0.251745, -0.685878, -0.14673]"
dummy@dummy.com,"[0.036906, -0.803318, -0.6729, -0.503272, -0.251745, 0.988198, -0.146046]"
dummy@dummy.com,"[-0.088489, 0.463287, 0.159494, 0.1854, -0.251745, -0.685878, -0.14673]"
dummy@dummy.com,"[-0.088489, 3.04133, 0.890376, 0.013232, -0.251745, -0.685878, -0.14673]"
dummy@dummy.com,"[-0.088489, -0.803318, -0.6729, -0.503272, -0.251745, 0.988198, -0.14673]"
dummy@dummy.com,"[-0.088489, -0.018695, -0.300692, -0.24502, -0.251745, -0.685878, -0.14673]"
dummy@dummy.com,"[-0.088489, -0.803318, -0.449575, -0.24502, -0.251745, -0.685878, -0.14673]"
dummy@dummy.com,"[-0.088489, -0.057926, -0.22625, -0.24502, -0.251745, -0.685878, -0.14673]"
dummy@dummy.com,"[-0.088489, -0.803318, -0.22625, 0.013232, -0.251745, -0.685878, -0.14673]"
dummy@dummy.com,"[-0.079135, -0.018695, -0.449575, -0.503272, -0.251745, 0.988198, -0.14673]"
dummy@dummy.com,"[1.10642, -0.803318, -0.6729, -0.503272, -0.251387, 2.66227, -0.118261]"
dummy@dummy.com,"[0.200383, -0.803318, -0.22625, 0.013232, 0.866865, 1.70566, 0.203533]"
dummy@dummy.com,"[-0.067443, 2.15209, 0.964818, 0.357568, -0.251745, 0.988198, -0.144615]"
dummy@dummy.com,"[-0.088489, -0.018695, -0.449575, -0.503272, -0.251745, -0.685878, -0.14673]"
dummy@dummy.com,"[-0.088489, -0.136389, -0.002925, 0.013232, -0.251745, -0.685878, -0.14673]"
dummy@dummy.com,"[-0.088489, -0.411006, -0.22625, -0.503272, -0.251745, -0.685878, -0.14673]"
dummy@dummy.com,"[-0.088489, -0.097157, -0.114587, -0.115894, -0.251745, -0.685878, -0.14673]"
dummy@dummy.com,"[-0.070512, -0.803318, -0.6729, -0.503272, -0.251745, 0.988198, -0.146479]"
dummy@dummy.com,"[-0.088489, -0.018695, -0.449575, -0.503272, -0.251745, -0.685878, -0.14673]"
dummy@dummy.com,"[-0.088489, -0.411006, -0.449575, -0.503272, -0.251745, -0.685878, -0.14673]"
dummy@dummy.com,"[-0.012199, -0.803318, -0.6729, -0.503272, 3.08543, 1.17421, 0.541063]"
dummy@dummy.com,"[-0.077511, -0.803318, -0.6729, -0.503272, -0.251745, 0.988198, -0.146672]"
dummy@dummy.com,"[-0.088489, -0.136389, -0.002925, 0.099316, -0.251745, -0.685878, -0.14673]"
dummy@dummy.com,"[-0.088489, -0.136389, -0.170419, 0.013232, -0.251745, -0.685878, -0.14673]"
